<?xml version="1.0" encoding="UTF-8"?>
<project-private xmlns="http://www.netbeans.org/ns/project-private/1">
    <editor-bookmarks xmlns="http://www.netbeans.org/ns/editor-bookmarks/2" lastBookmarkId="0"/>
    <open-files xmlns="http://www.netbeans.org/ns/projectui-open-files/2">
        <group>
            <file>file:/C:/xampp/htdocs/assignment/editNotice.php</file>
            <file>file:/C:/xampp/htdocs/assignment/LoginNew2a.php</file>
            <file>file:/C:/xampp/htdocs/assignment/EventDetail.php</file>
            <file>file:/C:/xampp/htdocs/assignment/edit-event.php</file>
            <file>file:/C:/xampp/htdocs/assignment/css/editnotice.css</file>
            <file>file:/C:/xampp/htdocs/assignment/config/helperFile.php</file>
            <file>file:/C:/xampp/htdocs/assignment/memberRegistration.php</file>
            <file>file:/C:/xampp/htdocs/assignment/deleteMember.php</file>
        </group>
    </open-files>
</project-private>
